﻿designator,quantity,value,pack,mpn,mount_type
"C1, C2",2,0.1uF,C_0603_1608Metric,,smt
"C10, C4, C6, C7, C8, C9",6,1uF,C_0603_1608Metric,,smt
"C11, C12, C13, C14",4,220pF,C_0603_1608Metric,,smt
"C3, C5",2,10uF,C_0603_1608Metric,,smt
D1,1,Pink,P2-0603W8YS2-06T-002,,smt
D2,1,Blue,SMLD12BN1WT86,,smt
D3,1,Green,Lite-On LTST-S321GKT,,smt
"FB1, FB2",2,1kΩ@100MHz,PZ1608D102-R80TF,,smt
"FB3, FB4, FB5, FB6",4,120Ω@100MHz,MAF1608GAD601CT000,,smt
"H1, H2",2,MountingHole,MountingHole_2.2mm_M2_ISO14580_Pad_TopBottom,,tht
"J1, J2, J3",3,AudioJack3_1503-08,Jack_3.5mm_Lumberg_1503_08_Horizontal,,tht
J8,1,S2B-PH-SM4-TB_LF__SN_,JST_S2B-PH-SM4-TB_LF__SN_,,smt
LOGO1,1,~,logo2,,smt
M2,1,XIAO-ESP32S3,XIAO-ESP32_+batt,,tht
"R1, R10",2,10Ω,R_0603_1608Metric,,smt
"R11, R14, R15",3,100Ω,R_0603_1608Metric,,smt
"R12, R13",2,20K,R_0603_1608Metric,,smt
"R2, R3, R4",3,2.4k,R_0603_1608Metric,,smt
R5,1,33Ω,R_0603_1608Metric,,smt
"R6, R7",2,300Ω,R_0603_1608Metric,,smt
"R8, R9",2,10K,R_0603_1608Metric,,smt
"S3, S4",2,SPST Blue LED,ML4-L12BQR,,smt
S6,1,SPST,SW_MSS-102568-14A-90-D,,tht
"SB1, SB2, SB3, SB4, SB5, SB6, SB7, SW1, SW10, SW11, SW12, SW2, SW3, SW4, SW5, SW6, SW7, SW8, SW9",19,SPST,EVQQ2B03W,,smt
SLSW1,1,JS202011JAQN,JS202011JAQN,,smt
SP1,1,~,Speaker Pads,,smt
"SWD1, SWD2",2,K1-5203UA-03,HROPARTS_K1-5203UA-03,,smt
"U1, U2",2,MCP23017-E/SS,SSOP-28_5.3x10.2mm_P0.65mm,,smt
U3,1,PAM8406DR,PAM8406DR,,smt
"plug_1, plug_2, plug_3, plug_4",4,3.5_plug,SP-3533-02,,tht
