﻿pos_x,pos_y,rotation,side,designator,mpn,pack,value,mount_type,place
105.45,-65.3,180.0,bottom,C1,,C_0603_1608Metric,0.1uF,smt,True
77.25,-60.5,-90.0,bottom,C10,,C_0603_1608Metric,1uF,smt,True
84.5,-65.0,-90.0,bottom,C11,,C_0603_1608Metric,220pF,smt,True
86.5,-66.75,-90.0,bottom,C12,,C_0603_1608Metric,220pF,smt,True
85.25,-73.0,45.0,bottom,C13,,C_0603_1608Metric,220pF,smt,True
87.0,-69.9,-90.0,bottom,C14,,C_0603_1608Metric,220pF,smt,True
126.75,-64.5,0.0,bottom,C2,,C_0603_1608Metric,0.1uF,smt,True
80.4,-73.75,90.0,bottom,C3,,C_0603_1608Metric,10uF,smt,True
72.1,-73.1,-135.0,bottom,C4,,C_0603_1608Metric,1uF,smt,True
78.75,-60.5,90.0,bottom,C5,,C_0603_1608Metric,10uF,smt,True
68.25,-69.0,90.0,bottom,C6,,C_0603_1608Metric,1uF,smt,True
67.25,-72.25,-90.0,bottom,C7,,C_0603_1608Metric,1uF,smt,True
67.75,-63.25,180.0,bottom,C8,,C_0603_1608Metric,1uF,smt,True
78.5,-73.75,90.0,bottom,C9,,C_0603_1608Metric,1uF,smt,True
113.0,-55.0,180.0,top,D1,,P2-0603W8YS2-06T-002,Pink,smt,True
113.0,-58.0,180.0,top,D2,,SMLD12BN1WT86,Blue,smt,True
70.0,-85.0,-90.0,bottom,D3,,Lite-On LTST-S321GKT,Green,smt,True
124.8,-55.25,180.0,bottom,FB1,,PZ1608D102-R80TF,1kΩ@100MHz,smt,True
124.9,-57.7,180.0,bottom,FB2,,PZ1608D102-R80TF,1kΩ@100MHz,smt,True
81.5,-63.75,135.0,bottom,FB3,,MAF1608GAD601CT000,120Ω@100MHz,smt,True
81.5,-67.5,0.0,bottom,FB4,,MAF1608GAD601CT000,120Ω@100MHz,smt,True
81.9,-70.8,180.0,bottom,FB5,,MAF1608GAD601CT000,120Ω@100MHz,smt,True
84.25,-69.1,180.0,bottom,FB6,,MAF1608GAD601CT000,120Ω@100MHz,smt,True
70.0,-57.0,0.0,top,H1,,MountingHole_2.2mm_M2_ISO14580_Pad_TopBottom,MountingHole,tht,True
155.0,-57.0,0.0,top,H2,,MountingHole_2.2mm_M2_ISO14580_Pad_TopBottom,MountingHole,tht,True
59.5,-55.0,90.0,bottom,J1,,Jack_3.5mm_Lumberg_1503_08_Horizontal,AudioJack3_1503-08,tht,True
59.5,-70.0,90.0,bottom,J2,,Jack_3.5mm_Lumberg_1503_08_Horizontal,AudioJack3_1503-08,tht,True
166.5,-55.0,-90.0,bottom,J3,,Jack_3.5mm_Lumberg_1503_08_Horizontal,AudioJack3_1503-08,tht,True
149.0,-62.7,180.0,bottom,J8,,JST_S2B-PH-SM4-TB_LF__SN_,S2B-PH-SM4-TB_LF__SN_,smt,True
176.180103,-85.606427,180.0,bottom,LOGO1,,logo2,~,smt,True
164.5,-68.5,90.0,bottom,M2,,XIAO-ESP32_+batt,XIAO-ESP32S3,tht,True
128.9,-55.25,0.0,bottom,R1,,R_0603_1608Metric,10Ω,smt,True
74.35,-73.1,-135.0,bottom,R10,,R_0603_1608Metric,10Ω,smt,True
69.5,-82.25,180.0,bottom,R11,,R_0603_1608Metric,100Ω,smt,True
67.25,-75.25,-90.0,bottom,R12,,R_0603_1608Metric,20K,smt,True
67.0,-61.0,-90.0,bottom,R13,,R_0603_1608Metric,20K,smt,True
113.0,-52.75,0.0,top,R14,,R_0603_1608Metric,100Ω,smt,True
116.5,-55.0,-90.0,top,R15,,R_0603_1608Metric,100Ω,smt,True
164.75,-67.0,-90.0,top,R2,,R_0603_1608Metric,2.4k,smt,True
163.0,-67.0,-90.0,top,R3,,R_0603_1608Metric,2.4k,smt,True
161.25,-67.0,-90.0,top,R4,,R_0603_1608Metric,2.4k,smt,True
128.9,-57.7,0.0,bottom,R5,,R_0603_1608Metric,33Ω,smt,True
124.0,-54.0,90.0,top,R6,,R_0603_1608Metric,300Ω,smt,True
140.5,-58.6,-90.0,top,R7,,R_0603_1608Metric,300Ω,smt,True
69.5,-71.5,0.0,bottom,R8,,R_0603_1608Metric,10K,smt,True
68.5,-65.75,-90.0,bottom,R9,,R_0603_1608Metric,10K,smt,True
128.0,-56.5,0.0,top,S3,,ML4-L12BQR,SPST Blue LED,smt,True
144.5,-56.5,0.0,top,S4,,ML4-L12BQR,SPST Blue LED,smt,True
171.25,-68.5,90.0,bottom,S6,,SW_MSS-102568-14A-90-D,SPST,tht,True
71.0,-67.5,0.0,top,SB1,,EVQQ2B03W,SPST,smt,True
81.5,-67.5,0.0,top,SB2,,EVQQ2B03W,SPST,smt,True
102.5,-67.5,0.0,top,SB3,,EVQQ2B03W,SPST,smt,True
113.0,-67.5,0.0,top,SB4,,EVQQ2B03W,SPST,smt,True
123.5,-67.5,0.0,top,SB5,,EVQQ2B03W,SPST,smt,True
144.5,-67.5,0.0,top,SB6,,EVQQ2B03W,SPST,smt,True
155.0,-67.5,0.0,top,SB7,,EVQQ2B03W,SPST,smt,True
58.0,-84.75,180.0,bottom,SLSW1,,JS202011JAQN,JS202011JAQN,smt,True
92.5,-71.0,0.0,top,SP1,,Speaker Pads,~,smt,True
55.25,-80.5,180.0,top,SW1,,EVQQ2B03W,SPST,smt,True
149.75,-80.5,0.0,top,SW10,,EVQQ2B03W,SPST,smt,True
160.25,-80.5,0.0,top,SW11,,EVQQ2B03W,SPST,smt,True
170.75,-80.5,0.0,top,SW12,,EVQQ2B03W,SPST,smt,True
65.75,-80.5,180.0,top,SW2,,EVQQ2B03W,SPST,smt,True
76.25,-80.5,180.0,top,SW3,,EVQQ2B03W,SPST,smt,True
86.75,-80.5,180.0,top,SW4,,EVQQ2B03W,SPST,smt,True
97.25,-80.5,180.0,top,SW5,,EVQQ2B03W,SPST,smt,True
107.75,-80.5,180.0,top,SW6,,EVQQ2B03W,SPST,smt,True
118.25,-80.5,180.0,top,SW7,,EVQQ2B03W,SPST,smt,True
128.75,-80.5,180.0,top,SW8,,EVQQ2B03W,SPST,smt,True
139.25,-80.5,180.0,top,SW9,,EVQQ2B03W,SPST,smt,True
81.5,-56.5,45.0,top,SWD1,,HROPARTS_K1-5203UA-03,K1-5203UA-03,smt,True
98.0,-56.5,45.0,top,SWD2,,HROPARTS_K1-5203UA-03,K1-5203UA-03,smt,True
113.0,-67.0,90.0,bottom,U1,,SSOP-28_5.3x10.2mm_P0.65mm,MCP23017-E/SS,smt,True
134.25,-67.0,90.0,bottom,U2,,SSOP-28_5.3x10.2mm_P0.65mm,MCP23017-E/SS,smt,True
74.5,-67.0,90.0,bottom,U3,,PAM8406DR,PAM8406DR,smt,True
90.5,-55.25,180.0,bottom,plug_1,,SP-3533-02,3.5_plug,tht,True
105.5,-55.25,180.0,bottom,plug_2,,SP-3533-02,3.5_plug,tht,True
120.5,-55.25,180.0,bottom,plug_3,,SP-3533-02,3.5_plug,tht,True
135.5,-55.25,180.0,bottom,plug_4,,SP-3533-02,3.5_plug,tht,True
